username,hash_value
admin_user,b8e6e8946c3fcdecb2752b7e4c45192c01301e7cf7de8d2cb0e83eccec9820a858113d65fb94ec6313675c9dd0bb5f08
sec_officer,a20a4757ccc0b563c3726ba12a5e0c42b37d65b158d748695740551385d887e9710a77a3f89b6a8a97dfd7da2e322707
dev_lead,77add5b5f479e695540f89b85332cffaffeba5734cae41a2626b4ed68de0125ee18f2c737a17bb8cae68d2f4df6459c9
analyst_01,ea1305faac7b6cef6df48e53436cfb06100dfa5b6b4467742a42444fe45dd0f647839a768924ea0d0e0ceb8c8e4f6cf3
auditor,025297d74a4b224c4645f25db3241c57ec975d3e409b41b372e17cb1590e2cd955e20b27d208ab371f94028342c0446f
net_admin,2de48ae38117e2a1b47ea349a130e0c97421979cbaf768b8b400f5fc9620b811b4b2ac17210915fff517ef2a123e929b
db_admin,8f18f2c76bb4378795f41153948910206847ac3688a2efe986999281a12a6b2d765c575d39748a584b13242228df867c
crypto_user,31799d5c7e7d9f23935b868522d21d406ccd40dd1fac2f63ac4722a61b04ad4cf12c2b31011a1900d69916f3ff04fb95
test_user,8ac6eac05bbbd00d878b391fee1ea995710a85ef6412546a5c9bc2b1d85a0d7fb3cd7f5f56988703193043bddf31dc96
